,Died_Prob,Survived_Prob,True_Label
0,0.8598058,0.14019415,0
1,0.85886085,0.1411392,0
2,0.0832362,0.91676384,1
3,0.85004896,0.14995107,0
4,0.8598246,0.14017536,0
5,0.85670793,0.1432921,0
6,0.11229395,0.88770604,1
7,0.8530239,0.14697607,0
8,0.72069234,0.27930766,0
9,0.5368777,0.46312222,1
10,0.6609591,0.33904085,0
11,0.73198396,0.268016,1
12,0.40178612,0.5982139,1
13,0.85826015,0.14173985,0
14,0.8576181,0.14238183,0
15,0.8576279,0.14237207,0
16,0.60851604,0.39148402,0
17,0.8576279,0.14237207,0
18,0.37834403,0.62165594,1
19,0.7406125,0.25938755,0
20,0.85452634,0.14547369,0
21,0.8592889,0.14071116,0
22,0.8585578,0.14144212,0
23,0.8576424,0.14235759,0
24,0.8591112,0.14088883,0
25,0.083100885,0.9168991,1
26,0.08332528,0.91667473,1
27,0.4922844,0.5077156,1
28,0.85929245,0.14070754,1
29,0.8592592,0.14074086,0
30,0.68760455,0.31239542,1
31,0.8592703,0.14072977,0
32,0.08552897,0.914471,1
33,0.087203085,0.9127969,1
34,0.08449472,0.91550523,1
35,0.8580957,0.14190428,0
36,0.8592268,0.14077322,0
37,0.09535105,0.90464896,1
38,0.08284197,0.917158,1
39,0.8074518,0.19254822,0
40,0.8585739,0.14142606,0
41,0.4857643,0.5142357,1
42,0.8592211,0.14077896,0
43,0.8363154,0.16368459,0
44,0.714453,0.28554702,0
45,0.8576279,0.14237207,0
46,0.53549284,0.4645072,1
47,0.08343793,0.9165621,1
48,0.6927709,0.30722916,1
49,0.4392571,0.5607429,1
50,0.5665865,0.4334135,0
51,0.8588605,0.14113954,0
52,0.5215369,0.47846317,1
53,0.082855076,0.9171449,1
54,0.082961224,0.9170388,1
55,0.69295794,0.307042,1
56,0.8585967,0.14140327,0
57,0.082992375,0.9170076,1
58,0.8593003,0.14069973,0
59,0.859288,0.14071198,0
60,0.8588605,0.14113954,1
61,0.5992571,0.4007429,1
62,0.8588786,0.1411214,0
63,0.7436434,0.25635657,1
64,0.84886605,0.15113398,1
65,0.8593131,0.14068699,0
66,0.6944691,0.3055309,0
67,0.5705647,0.4294353,0
68,0.6571901,0.34280998,1
69,0.08472701,0.915273,1
70,0.8576279,0.14237207,0
71,0.8588605,0.14113954,1
72,0.0835448,0.9164552,1
73,0.8592394,0.1407606,0
74,0.08298289,0.91701704,1
75,0.53544587,0.4645541,0
76,0.08551241,0.91448754,1
77,0.08675715,0.9132429,1
78,0.7406125,0.25938755,0
79,0.83792216,0.16207781,0
80,0.6389777,0.36102232,0
81,0.08461717,0.91538274,1
82,0.083110005,0.91688997,1
83,0.59589726,0.4041027,0
84,0.84763294,0.15236704,0
85,0.5469776,0.45302242,0
86,0.7695675,0.23043254,0
87,0.81801516,0.18198487,0
88,0.8580898,0.14191018,0
89,0.22988883,0.77011114,0
90,0.08581358,0.91418636,1
91,0.85658896,0.14341109,1
92,0.53687716,0.4631228,1
93,0.37834403,0.62165594,1
94,0.08318444,0.91681564,1
95,0.37835723,0.62164277,1
96,0.5743675,0.42563254,0
97,0.08544957,0.9145505,1
98,0.08290514,0.9170949,1
99,0.8588605,0.14113954,0
100,0.18068035,0.8193197,1
101,0.8597771,0.14022294,0
102,0.8592424,0.1407576,0
103,0.43413687,0.56586313,0
104,0.8598656,0.14013444,0
105,0.09388207,0.906118,1
106,0.54641086,0.45358908,0
107,0.54691505,0.45308498,1
108,0.85926664,0.14073336,0
109,0.85109615,0.14890379,1
110,0.859429,0.140571,0
111,0.09000703,0.90999293,1
112,0.6996093,0.30039066,1
113,0.85818386,0.14181611,0
114,0.85980815,0.14019187,0
115,0.083654955,0.916345,1
116,0.8590508,0.1409492,0
117,0.8580961,0.14190386,0
118,0.11012203,0.889878,1
119,0.08464026,0.9153597,1
120,0.8425927,0.15740728,0
121,0.56510764,0.43489236,1
122,0.83917916,0.16082081,0
123,0.6520575,0.34794247,1
124,0.5279931,0.4720069,1
125,0.8593074,0.14069255,0
126,0.5046556,0.4953445,0
127,0.8576469,0.14235312,1
128,0.8573836,0.1426164,0
129,0.5188073,0.48119265,0
130,0.85560846,0.1443915,0
131,0.08343306,0.91656697,1
132,0.6843578,0.31564218,0
133,0.37834403,0.62165594,1
134,0.68273747,0.3172626,0
135,0.8576244,0.14237553,0
136,0.8576279,0.14237207,0
137,0.62341034,0.37658963,0
138,0.56209487,0.43790516,1
139,0.85928833,0.14071168,1
140,0.858237,0.14176296,0
141,0.8524109,0.14758913,0
142,0.85763067,0.14236934,0
143,0.72069234,0.27930766,0
144,0.85999835,0.1400016,0
145,0.85098934,0.14901067,0
146,0.8591641,0.1408359,0
147,0.8591268,0.14087318,0
148,0.84048057,0.15951942,0
149,0.8597542,0.14024584,0
150,0.08504805,0.914952,1
151,0.85928214,0.14071782,0
152,0.5316247,0.46837536,1
153,0.8590979,0.14090218,0
154,0.85999537,0.14000459,0
155,0.084727675,0.9152723,0
156,0.5749519,0.42504808,0
157,0.85346675,0.14653319,0
158,0.8519038,0.14809626,1
159,0.08324356,0.9167565,1
160,0.85928524,0.14071476,0
161,0.56620973,0.4337902,1
162,0.66311145,0.3368885,0
163,0.083841644,0.9161584,1
164,0.37834403,0.62165594,1
165,0.08344758,0.91655236,1
166,0.8583806,0.14161937,0
167,0.85860395,0.14139603,0
168,0.85546756,0.14453244,0
169,0.734273,0.26572698,1
170,0.5696728,0.43032718,1
171,0.08290909,0.91709095,1
172,0.8418298,0.15817027,0
173,0.0837971,0.9162029,1
174,0.78214,0.21785995,0
175,0.08959122,0.91040874,1
176,0.8224603,0.17753968,0
177,0.8583234,0.1416766,0
178,0.83629656,0.16370343,0
179,0.5361865,0.46381348,0
180,0.8593,0.14069995,0
181,0.85854644,0.14145364,0
182,0.8587398,0.14126024,0
183,0.8588605,0.14113954,0
184,0.8593003,0.14069973,0
185,0.084188655,0.9158113,1
186,0.08314957,0.9168505,1
187,0.85914695,0.14085305,0
188,0.7766814,0.22331859,0
189,0.8518314,0.14816861,0
190,0.85977405,0.14022595,1
191,0.85747766,0.14252228,0
192,0.8078844,0.19211558,0
193,0.08367472,0.9163253,0
194,0.8531722,0.14682783,0
195,0.8593133,0.14068674,1
196,0.3782083,0.6217917,1
197,0.7406125,0.25938755,1
198,0.5691263,0.4308737,0
199,0.08311823,0.91688174,1
200,0.7964703,0.20352979,0
201,0.85826015,0.14173985,0
202,0.70087796,0.29912204,0
203,0.08583124,0.9141687,1
204,0.84630847,0.15369146,0
205,0.084173046,0.915827,0
206,0.8576283,0.14237171,0
207,0.85926026,0.14073977,0
208,0.85930145,0.14069857,0
209,0.85919404,0.14080591,0
210,0.08495263,0.91504735,1
211,0.85912675,0.14087322,0
212,0.8591673,0.1408327,1
213,0.85967255,0.14032745,0
214,0.8592989,0.14070112,0
215,0.84925485,0.15074523,0
216,0.08297747,0.9170226,1
217,0.8462062,0.15379378,0
218,0.31065643,0.6893436,1
219,0.82505375,0.17494623,0
220,0.8592027,0.14079732,0
221,0.85826015,0.14173985,0
222,0.85854965,0.14145033,0
223,0.6729345,0.32706553,0
224,0.7440282,0.2559718,0
225,0.8585241,0.1414759,0
226,0.08411044,0.91588956,1
227,0.8550709,0.14492913,0
228,0.08747305,0.9125269,1
229,0.08366775,0.9163323,1
230,0.0828226,0.9171774,1
231,0.8494629,0.15053701,0
232,0.678354,0.32164598,1
233,0.11821322,0.8817868,1
234,0.8591666,0.14083338,0
235,0.85885787,0.14114219,0
236,0.083132826,0.91686714,1
237,0.68130237,0.3186977,0
238,0.85642487,0.14357507,0
239,0.8588605,0.14113954,0
240,0.8592989,0.14070112,0
241,0.8586145,0.1413855,0
242,0.7128067,0.28719327,0
243,0.743224,0.256776,0
244,0.37847087,0.62152916,0
245,0.5952045,0.40479556,1
246,0.85906416,0.14093582,0
247,0.29875204,0.701248,1
248,0.8597332,0.14026675,0
249,0.6762448,0.32375517,0
250,0.2696155,0.7303845,0
251,0.8603442,0.13965583,0
252,0.8438771,0.15612298,0
253,0.8529572,0.1470428,0
254,0.8586145,0.1413855,0
255,0.72710645,0.27289358,0
256,0.8566571,0.14334293,0
257,0.85930145,0.14069857,1
258,0.8583913,0.14160872,0
259,0.66283035,0.33716965,1
260,0.8592675,0.14073256,0
261,0.8576244,0.14237553,0
262,0.8588605,0.14113954,0
263,0.85784334,0.14215666,0
264,0.8588605,0.14113954,0
265,0.85930705,0.14069292,0
266,0.85926026,0.14073977,0
267,0.08582029,0.9141797,1
268,0.52598685,0.47401312,0
269,0.0831884,0.9168116,1
270,0.082946464,0.9170536,1
271,0.85927695,0.14072306,0
272,0.8592738,0.14072618,0
273,0.8565604,0.14343958,0
274,0.8592934,0.14070657,0
275,0.8592211,0.14077896,1
276,0.85642487,0.14357507,0
277,0.8404913,0.15950878,0
278,0.08332319,0.9166769,0
279,0.08333727,0.91666275,1
280,0.85680485,0.14319515,0
281,0.85875875,0.14124124,1
282,0.5736836,0.42631644,1
283,0.8580961,0.14190386,0
284,0.84511644,0.15488356,1
285,0.85263526,0.14736474,0
286,0.79268515,0.20731491,1
287,0.5747587,0.42524132,1
288,0.85927564,0.14072436,0
289,0.85076153,0.14923853,0
290,0.8162256,0.18377441,0
291,0.85930705,0.14069292,0
292,0.08314596,0.91685396,1
293,0.8601674,0.13983263,0
294,0.8577092,0.14229074,0
295,0.08370631,0.9162937,1
296,0.083298,0.916702,1
297,0.37834403,0.62165594,0
298,0.08314775,0.9168523,1
299,0.8593046,0.1406954,0
300,0.85506254,0.14493749,0
301,0.083092734,0.9169073,1
302,0.6596361,0.34036395,0
303,0.8475403,0.15245974,0
304,0.856419,0.14358099,0
305,0.08324675,0.9167533,1
306,0.8524754,0.14752458,1
307,0.7543978,0.24560218,1
308,0.8566958,0.14330426,0
309,0.85884595,0.14115402,0
310,0.8598656,0.1401344,0
311,0.56975317,0.43024683,1
312,0.85927707,0.14072299,0
313,0.8462071,0.15379299,0
314,0.85747766,0.14252228,0
315,0.85642487,0.14357507,0
316,0.60962147,0.3903786,0
317,0.082967535,0.9170325,1
318,0.7602244,0.23977564,0
319,0.85362214,0.14637788,0
320,0.7092735,0.29072648,0
321,0.8566571,0.14334293,0
322,0.7354748,0.26452515,0
323,0.85761064,0.14238933,0
324,0.8570161,0.14298388,0
325,0.601215,0.398785,0
326,0.84764785,0.15235218,1
327,0.85929334,0.14070664,0
328,0.08476601,0.91523397,1
329,0.5085838,0.49141628,1
330,0.086307585,0.9136924,1
331,0.8587336,0.14126644,0
332,0.8531174,0.14688256,0
333,0.5275546,0.47244546,0
334,0.86035216,0.13964789,0
335,0.85293674,0.14706329,0
336,0.8583234,0.1416766,0
337,0.57042634,0.42957366,1
338,0.8566571,0.14334293,0
339,0.82953364,0.17046636,0
340,0.7922438,0.20775628,0
341,0.083104275,0.9168957,1
342,0.85256577,0.14743418,1
343,0.85818005,0.14181994,1
344,0.08372274,0.9162772,1
345,0.083340324,0.9166597,1
346,0.8588609,0.14113912,0
347,0.083445504,0.91655445,1
348,0.8592219,0.14077811,0
349,0.08857788,0.91142213,1
350,0.3782083,0.6217917,0
351,0.85244954,0.14755045,0
352,0.8591646,0.14083543,0
353,0.8268683,0.17313169,0
354,0.08694427,0.9130557,0
355,0.8592631,0.14073682,0
356,0.083850496,0.91614956,1
357,0.8591596,0.14084047,0
358,0.85905653,0.1409435,0
359,0.56189066,0.43810937,1
360,0.5371081,0.46289197,1
361,0.50198305,0.4980169,1
362,0.8590118,0.1409881,0
363,0.09417561,0.9058244,1
364,0.5659785,0.4340215,1
365,0.5670755,0.43292454,0
366,0.85930383,0.1406962,0
367,0.08404934,0.9159507,1
368,0.8063562,0.19364382,0
369,0.85850424,0.14149575,0
370,0.8602059,0.13979417,0
371,0.09636639,0.9036336,1
372,0.8591016,0.14089838,0
373,0.85787827,0.14212175,0
374,0.85658896,0.14341109,1
375,0.37836152,0.6216384,1
376,0.5662973,0.43370274,0
377,0.08319938,0.91680056,1
378,0.083633915,0.91636616,1
379,0.37834403,0.62165594,1
380,0.856419,0.14358099,0
381,0.8576424,0.14235759,0
382,0.8588605,0.14113954,0
383,0.86042255,0.13957743,0
384,0.85819876,0.14180118,0
385,0.08419461,0.9158054,1
386,0.4807486,0.5192514,0
387,0.5034075,0.49659252,1
388,0.09390962,0.9060903,1
389,0.8592402,0.1407598,0
390,0.08332101,0.91667897,1
391,0.8227,0.17730002,0
392,0.8595642,0.14043586,0
393,0.85980725,0.14019279,0
394,0.08636323,0.91363674,0
395,0.827317,0.17268305,0
396,0.17879339,0.82120657,1
397,0.08350257,0.9164974,1
398,0.85642487,0.14357509,0
399,0.8588588,0.14114116,0
400,0.8568506,0.14314938,0
401,0.85229754,0.1477025,0
402,0.08433874,0.9156613,1
403,0.082897924,0.9171021,1
404,0.80480945,0.1951905,0
405,0.85853684,0.14146318,0
406,0.8592416,0.14075841,0
407,0.08343902,0.91656095,1
408,0.53202087,0.46797913,0
409,0.85893524,0.14106476,0
410,0.08293636,0.91706365,1
411,0.087280236,0.9127197,1
412,0.83466995,0.16533011,0
413,0.85789764,0.14210233,0
414,0.8493286,0.15067136,0
415,0.08669676,0.91330326,1
416,0.8576279,0.14237207,0
417,0.859243,0.14075701,0
418,0.6039951,0.39600492,1
419,0.85658896,0.14341109,1
420,0.6816393,0.31836072,1
421,0.85325956,0.14674047,0
422,0.6956629,0.3043371,1
423,0.5696543,0.43034568,0
424,0.08358584,0.9164142,1
425,0.66059077,0.33940923,0
426,0.8592472,0.1407528,0
427,0.08563831,0.91436166,1
428,0.08356758,0.9164324,1
429,0.08330853,0.9166915,1
430,0.63964,0.36036012,0
431,0.084014945,0.9159851,1
432,0.8212625,0.17873755,0
433,0.8585578,0.14144212,0
434,0.56996083,0.4300392,0
435,0.8548222,0.1451778,0
436,0.85842097,0.14157902,0
437,0.8576279,0.14237207,0
438,0.7603315,0.23966852,0
439,0.084063165,0.91593677,1
440,0.84554535,0.15445466,0
441,0.8564317,0.1435683,0
442,0.8467825,0.1532175,0
443,0.8566571,0.14334293,0
444,0.2543488,0.7456512,1
445,0.08857788,0.91142213,1
446,0.8591972,0.14080274,0
447,0.083377674,0.91662234,1
448,0.8538679,0.14613213,0
449,0.08328793,0.91671205,1
450,0.85889643,0.1411035,0
451,0.859305,0.14069496,0
452,0.08354378,0.9164562,1
453,0.08329536,0.9167046,1
454,0.8478875,0.15211253,0
455,0.7315074,0.2684926,1
456,0.82953364,0.17046636,0
457,0.85971314,0.14028691,0
458,0.85882884,0.1411712,1
459,0.083932854,0.9160671,1
460,0.85575235,0.14424771,0
461,0.5099789,0.49002108,0
462,0.85642487,0.14357509,0
463,0.8531018,0.14689821,0
464,0.85673976,0.14326029,0
465,0.85789764,0.14210233,0
466,0.55284965,0.44715035,0
467,0.85856396,0.14143606,0
468,0.8576281,0.14237186,1
469,0.85928446,0.14071552,0
470,0.8591695,0.14083047,0
471,0.0834457,0.9165543,1
472,0.562069,0.437931,0
473,0.84976333,0.15023662,0
474,0.8595642,0.14043586,0
475,0.7423409,0.25765917,0
476,0.70975494,0.29024503,1
477,0.8586561,0.1413439,0
478,0.8576424,0.14235759,0
479,0.71648127,0.2835187,0
480,0.8591972,0.14080274,0
481,0.08602246,0.9139775,0
482,0.8430052,0.1569948,0
483,0.759125,0.24087507,0
484,0.8593087,0.1406913,0
485,0.54537314,0.45462686,1
486,0.0832362,0.91676384,1
487,0.85080224,0.14919779,0
488,0.8563541,0.14364584,0
489,0.08342549,0.9165745,1
490,0.8576244,0.14237553,0
491,0.8372217,0.1627783,0
492,0.08390012,0.9160999,1
493,0.8590005,0.14099951,0
494,0.85972345,0.1402765,1
495,0.6624676,0.3375324,0
496,0.84857064,0.1514294,0
497,0.8597131,0.14028698,0
498,0.8592575,0.14074253,0
499,0.08293447,0.9170655,1
500,0.85919875,0.1408013,0
501,0.58915204,0.41084793,1
502,0.8592575,0.14074253,0
503,0.85787696,0.14212304,1
504,0.8601584,0.13984159,1
505,0.85933244,0.14066762,0
506,0.8502705,0.14972949,0
507,0.8593057,0.14069434,0
508,0.8300626,0.16993731,0
509,0.7214626,0.2785374,0
510,0.85930806,0.14069203,0
511,0.08349292,0.9165071,1
512,0.8592592,0.14074086,0
513,0.45392165,0.5460784,1
514,0.2612662,0.73873377,1
515,0.8591986,0.14080141,0
516,0.8531188,0.14688116,0
517,0.85915035,0.14084972,0
518,0.8588605,0.14113954,1
519,0.80398583,0.19601414,0
520,0.083528355,0.91647166,1
521,0.083409674,0.91659033,0
522,0.858538,0.14146198,0
523,0.8408541,0.15914586,0
524,0.08398884,0.9160112,1
525,0.8588605,0.14113954,0
526,0.3782083,0.6217917,1
527,0.08297931,0.9170207,1
528,0.85922545,0.14077458,0
529,0.59909946,0.40090054,0
530,0.8591268,0.14087318,0
531,0.082815215,0.9171848,1
532,0.08516596,0.914834,1
533,0.8438762,0.15612376,0
534,0.8571379,0.14286213,0
535,0.5639431,0.43605688,0
536,0.08669676,0.91330326,1
537,0.66472924,0.3352707,0
538,0.083733454,0.91626656,1
539,0.082837276,0.9171627,1
540,0.85742694,0.14257306,0
541,0.8592431,0.14075698,1
542,0.8591678,0.14083217,0
543,0.45392275,0.5460773,1
544,0.21699381,0.78300625,1
545,0.855688,0.14431204,0
546,0.084937505,0.9150624,1
547,0.08524446,0.9147555,1
548,0.85929185,0.14070813,0
549,0.5352197,0.46478024,1
550,0.847066,0.15293396,0
551,0.8576244,0.14237553,0
552,0.08826269,0.9117373,0
553,0.7088014,0.29119858,0
554,0.85929614,0.14070384,1
555,0.8585204,0.14147958,0
556,0.08299828,0.9170017,1
557,0.8530644,0.14693563,0
558,0.55726427,0.44273573,0
559,0.08325743,0.91674256,1
560,0.8584437,0.14155634,0
561,0.46021214,0.5397879,1
562,0.37834403,0.62165594,1
563,0.37834403,0.62165594,0
564,0.10410666,0.8958934,1
565,0.458003,0.54199696,0
566,0.37834403,0.62165594,0
567,0.85841984,0.14158015,0
568,0.5704714,0.4295286,0
569,0.37834403,0.62165594,0
570,0.08325185,0.91674817,1
571,0.8591711,0.14082897,0
572,0.8576244,0.14237553,0
573,0.08355119,0.91644883,1
574,0.7401344,0.25986558,0
575,0.8576424,0.14235759,0
576,0.8586386,0.14136137,0
577,0.57020605,0.42979395,1
578,0.8586186,0.14138137,0
579,0.6263141,0.37368587,0
580,0.85869724,0.1413028,0
581,0.85084635,0.14915371,0
582,0.08373375,0.91626626,1
583,0.67138374,0.32861632,0
584,0.85925937,0.14074062,0
585,0.8510965,0.1489035,0
586,0.8591268,0.14087318,0
587,0.6749781,0.32502192,0
588,0.094287366,0.9057126,1
589,0.08397733,0.9160227,1
590,0.8576244,0.14237553,0
591,0.8576095,0.14239046,0
592,0.8584437,0.14155634,0
593,0.8576244,0.14237553,0
594,0.8592937,0.14070627,0
595,0.56999964,0.43000042,1
596,0.8565448,0.1434552,0
597,0.08419979,0.9158002,1
598,0.47908857,0.52091146,1
599,0.082674704,0.9173253,0
600,0.6474957,0.3525043,1
601,0.8523624,0.14763765,0
602,0.8479279,0.15207206,0
603,0.8592991,0.14070088,0
604,0.8581529,0.14184709,0
605,0.50397855,0.49602142,1
606,0.08310637,0.9168936,1
607,0.085268885,0.91473114,1
608,0.8588931,0.14110693,0
609,0.85862416,0.14137578,1
610,0.85968333,0.1403166,0
611,0.5681389,0.43186107,1
612,0.5792234,0.4207766,0
613,0.8517236,0.14827637,0
614,0.08487924,0.9151207,1
615,0.857814,0.14218594,0
616,0.08791402,0.912086,1
617,0.8368063,0.16319375,0
618,0.08587084,0.9141292,1
619,0.85642487,0.14357509,0
620,0.8527842,0.1472158,0
621,0.61530244,0.38469756,1
622,0.46748662,0.5325133,1
623,0.0833146,0.91668534,1
624,0.75877416,0.2412258,0
625,0.70962393,0.29037607,0
626,0.70087796,0.29912204,0
627,0.08298591,0.91701406,1
628,0.083596244,0.9164038,1
629,0.842898,0.15710196,0
630,0.859305,0.14069496,0
631,0.85929614,0.14070384,0
632,0.2805399,0.71946007,1
633,0.8566571,0.14334293,0
634,0.0902052,0.90979475,1
635,0.8592312,0.14076883,0
636,0.8502319,0.14976813,0
637,0.85642487,0.14357509,0
638,0.7005446,0.2994554,1
639,0.85919327,0.14080678,0
640,0.8583841,0.14161596,0
641,0.85903347,0.14096649,0
642,0.7606859,0.23931403,0
643,0.5699924,0.4300076,1
644,0.85109615,0.14890379,1
645,0.10657468,0.89342535,1
646,0.85930204,0.14069797,0
647,0.85929316,0.14070682,0
648,0.85929775,0.14070223,0
649,0.37834403,0.62165594,1
650,0.5686173,0.4313828,1
651,0.8505906,0.1494094,0
652,0.08292535,0.9170746,1
653,0.5057016,0.4942984,0
654,0.6419013,0.35809872,1
655,0.08613819,0.9138618,1
656,0.8588605,0.14113954,0
657,0.08325068,0.9167493,1
658,0.083371155,0.9166289,1
659,0.08323106,0.9167689,1
660,0.72038144,0.27961856,0
661,0.85642487,0.14357507,0
662,0.82282984,0.17717013,0
663,0.85276896,0.14723104,0
664,0.5592353,0.44076473,1
665,0.12533028,0.8746697,1
666,0.2696155,0.7303845,1
667,0.08315729,0.9168427,1
668,0.8588605,0.14113954,1
669,0.8585802,0.1414199,0
670,0.8593004,0.14069965,0
671,0.8584431,0.14155693,0
672,0.8591972,0.14080274,0
673,0.8539753,0.14602467,0
674,0.8459731,0.15402694,1
675,0.8595494,0.1404506,0
676,0.35144368,0.64855635,0
677,0.08338149,0.91661847,1
678,0.5046556,0.4953445,0
679,0.086307585,0.9136924,1
680,0.7113544,0.2886456,0
681,0.7528562,0.24714383,0
682,0.60613793,0.3938621,1
683,0.08463121,0.9153688,1
684,0.35427395,0.6457261,1
685,0.09452374,0.9054762,1
686,0.8588605,0.14113954,0
687,0.57846034,0.42153966,1
688,0.5359313,0.46406865,1
689,0.86058164,0.13941841,0
690,0.08540858,0.91459143,0
691,0.5833078,0.41669217,0
692,0.85642487,0.14357509,0
693,0.74019176,0.25980824,0
694,0.083562285,0.9164377,1
695,0.85860395,0.14139603,1
696,0.54271746,0.45728257,0
697,0.53652817,0.46347183,1
698,0.8598173,0.14018267,0
699,0.7494511,0.25054887,0
700,0.85860527,0.14139476,0
701,0.08309971,0.9169003,1
702,0.8426845,0.15731552,0
703,0.858861,0.14113902,0
704,0.5676187,0.43238124,0
705,0.8592995,0.14070052,1
706,0.85003525,0.14996473,0
707,0.14280024,0.8571997,1
708,0.8580069,0.1419931,0
709,0.8577612,0.14223875,0
710,0.85930806,0.140692,0
711,0.0853451,0.91465485,1
712,0.5478958,0.45210424,1
713,0.6060887,0.39391124,0
714,0.083062574,0.91693735,1
715,0.85642487,0.14357509,0
716,0.8459937,0.1540063,0
717,0.08481408,0.9151859,1
718,0.85924006,0.14075992,0
719,0.85988,0.14012006,0
720,0.6018365,0.39816344,0
721,0.56986713,0.4301329,1
722,0.8592418,0.14075825,0
723,0.6744088,0.32559124,0
724,0.8595725,0.14042746,0
725,0.08330931,0.9166907,1
726,0.8585361,0.14146386,0
727,0.08329414,0.9167058,1
728,0.6939034,0.30609655,0
729,0.85929745,0.14070256,0
730,0.54581505,0.45418495,0
731,0.084418766,0.91558117,1
732,0.082778655,0.9172213,0
733,0.817715,0.18228501,0
734,0.8591753,0.14082466,0
735,0.7222281,0.27777192,0
736,0.08323342,0.9167665,1
737,0.1250151,0.8749849,1
738,0.856921,0.143079,0
739,0.8591386,0.1408614,0
740,0.083095424,0.9169046,1
741,0.08386633,0.91613364,1
742,0.57015955,0.42984048,1
743,0.85890436,0.14109568,0
744,0.85899055,0.14100939,1
745,0.084862955,0.915137,1
746,0.08322354,0.9167764,1
747,0.85936946,0.14063056,1
748,0.8567416,0.14325841,0
749,0.8592219,0.14077811,0
750,0.63473827,0.36526173,0
751,0.55398107,0.44601893,1
752,0.85917073,0.14082928,0
753,0.859305,0.14069492,0
754,0.8603197,0.1396803,0
755,0.8592721,0.14072789,0
756,0.5589308,0.44106922,0
757,0.084937505,0.9150624,0
758,0.09701797,0.902982,1
759,0.85927004,0.14072995,0
760,0.856419,0.14358099,0
761,0.08372566,0.91627437,1
762,0.5703176,0.4296824,0
763,0.5562218,0.44377822,0
764,0.85928345,0.14071652,0
765,0.75152314,0.24847682,1
766,0.7327368,0.26726314,0
767,0.8584431,0.14155693,0
768,0.85930645,0.1406936,0
769,0.08492453,0.91507554,1
770,0.85642487,0.14357507,0
771,0.8474288,0.15257117,0
772,0.21699381,0.78300625,1
773,0.85789764,0.14210233,0
774,0.5109336,0.48906645,0
775,0.5310593,0.46894065,0
776,0.08623585,0.9137641,1
777,0.74082696,0.25917307,0
778,0.8555853,0.14441474,0
779,0.65233386,0.34766605,0
780,0.8595725,0.1404275,0
781,0.8585204,0.14147958,0
782,0.8488655,0.15113446,0
783,0.8576279,0.14237207,0
784,0.83023304,0.16976698,0
785,0.17754498,0.82245505,0
786,0.7214552,0.27854475,1
787,0.85737854,0.14262143,0
788,0.6930789,0.30692118,0
789,0.5217391,0.4782609,1
790,0.08310246,0.9168976,1
791,0.71109146,0.2889085,0
792,0.85921955,0.14078039,0
793,0.8592832,0.14071673,0
794,0.08318789,0.9168121,1
795,0.8585708,0.14142916,0
796,0.8588176,0.14118241,0
797,0.85173315,0.14826688,0
798,0.8500612,0.14993882,0
799,0.8591011,0.14089885,1
800,0.8539552,0.14604475,0
801,0.08353951,0.9164605,1
802,0.8591268,0.14087318,0
803,0.8575917,0.14240825,0
804,0.8538679,0.14613213,0
805,0.8514689,0.1485311,1
806,0.08375343,0.91624653,1
807,0.85791516,0.14208479,1
808,0.85917795,0.14082205,0
809,0.8598388,0.14016117,1
810,0.4320798,0.5679202,1
811,0.8116047,0.18839534,0
812,0.5088639,0.491136,1
813,0.08466734,0.9153326,1
814,0.5046542,0.4953458,0
815,0.85928667,0.14071335,0
816,0.8463891,0.15361086,0
817,0.083248936,0.9167511,1
818,0.56977165,0.43022832,0
819,0.08424864,0.91575134,1
820,0.7896052,0.21039473,0
821,0.086290985,0.913709,1
822,0.6694362,0.3305638,0
823,0.85916996,0.14083003,0
824,0.08369185,0.91630816,1
825,0.85826933,0.14173059,0
826,0.8601011,0.13989893,0
827,0.08283059,0.91716945,1
828,0.09295073,0.9070493,1
829,0.8591705,0.14082953,0
830,0.85680485,0.14319515,0
831,0.8585967,0.14140327,1
832,0.85848606,0.14151396,0
833,0.85215336,0.14784661,0
834,0.85310286,0.14689718,0
835,0.63114,0.36886004,0
836,0.6977474,0.30225262,0
837,0.09701797,0.902982,1
838,0.85667413,0.14332585,0
839,0.8422397,0.15776035,1
840,0.2696155,0.7303845,1
841,0.6944548,0.3055453,0
842,0.8576244,0.14237553,0
843,0.57033175,0.42966825,1
844,0.3416216,0.6583784,1
845,0.77413535,0.22586466,0
846,0.77236664,0.22763327,0
847,0.083306886,0.9166931,1
848,0.85929203,0.14070794,1
849,0.8581793,0.14182077,0
850,0.15574853,0.8442515,1
851,0.85929304,0.14070694,1
852,0.7653259,0.23467408,0
853,0.08276114,0.91723883,1
854,0.85930735,0.14069267,0
855,0.08377774,0.91622233,1
856,0.85926616,0.1407339,0
857,0.85967255,0.14032745,0
858,0.082854226,0.9171458,1
859,0.8585708,0.14142916,0
860,0.8525363,0.1474636,0
861,0.082945295,0.91705465,1
862,0.5416986,0.45830145,0
863,0.54153574,0.45846435,1
864,0.8581488,0.14185116,0
865,0.08333712,0.91666293,1
866,0.5100773,0.4899227,0
867,0.37830466,0.6216953,1
868,0.105507225,0.8944928,1
869,0.11299851,0.88700145,1
870,0.8596905,0.14030947,0
871,0.8592219,0.14077811,0
872,0.5045333,0.49546674,1
873,0.0838126,0.9161874,1
874,0.8566571,0.14334293,0
875,0.85925305,0.14074695,0
876,0.8592889,0.1407112,0
877,0.82495016,0.17504989,0
878,0.083563805,0.9164362,1
879,0.5268332,0.47316685,1
880,0.85919535,0.14080457,0
881,0.8588605,0.14113954,0
882,0.85978884,0.14021114,0
883,0.85929316,0.14070682,0
884,0.84884655,0.15115346,0
885,0.85856396,0.14143606,0
886,0.85926044,0.14073955,0
887,0.8591995,0.14080046,0
888,0.37834403,0.62165594,1
889,0.10601032,0.8939897,1
890,0.85928243,0.14071757,0
891,0.85930187,0.14069812,1
892,0.67908597,0.32091403,1
893,0.8553482,0.14465176,0
894,0.8515849,0.14841506,1
895,0.38958374,0.61041623,0
896,0.85915166,0.14084832,0
897,0.69669783,0.30330214,0
898,0.85886073,0.14113928,0
899,0.5463314,0.45366862,1
900,0.37831336,0.62168664,1
901,0.8141383,0.18586177,0
902,0.65974426,0.34025574,0
903,0.08523242,0.91476756,1
904,0.85642487,0.14357509,1
905,0.8565448,0.1434552,0
906,0.73964506,0.260355,1
907,0.8565448,0.1434552,1
908,0.08309269,0.9169073,1
909,0.8576244,0.14237553,0
910,0.85848606,0.14151396,0
911,0.8374616,0.16253845,0
912,0.8592402,0.1407598,0
913,0.73983693,0.26016304,0
914,0.86018586,0.13981421,0
915,0.101619564,0.89838046,1
916,0.083596386,0.9164036,1
917,0.084937505,0.9150624,1
918,0.857688,0.14231205,0
919,0.8576244,0.14237553,0
920,0.84521306,0.15478691,0
921,0.5773425,0.42265752,1
922,0.8576181,0.14238183,0
923,0.85314655,0.14685348,0
924,0.8592433,0.14075674,1
925,0.56902015,0.43097982,0
926,0.70975494,0.29024503,0
927,0.859128,0.14087208,1
928,0.8592778,0.14072223,1
929,0.7523377,0.24766232,1
930,0.08328348,0.9167165,1
931,0.8592989,0.14070112,1
932,0.77178925,0.22821082,0
933,0.08533029,0.91466975,1
934,0.8592922,0.14070778,0
935,0.8576279,0.14237207,0
936,0.8576411,0.14235897,0
937,0.859083,0.14091699,0
938,0.8596594,0.1403406,0
939,0.12260901,0.877391,1
940,0.85921246,0.14078753,0
941,0.75315887,0.24684119,0
942,0.08329731,0.9167027,1
943,0.08327925,0.91672075,1
944,0.85929745,0.14070256,0
945,0.34217012,0.6578298,1
946,0.8592948,0.14070529,1
947,0.16172549,0.83827454,1
948,0.858673,0.14132705,0
949,0.7956292,0.20437086,0
950,0.8588605,0.14113954,0
951,0.85930145,0.14069857,0
952,0.85924333,0.14075664,0
953,0.86026216,0.13973786,0
954,0.8526509,0.14734907,0
955,0.6930365,0.3069635,1
956,0.08344969,0.91655034,1
957,0.85926616,0.1407339,0
958,0.082712464,0.9172875,1
959,0.8593063,0.14069378,0
960,0.8531188,0.14688116,0
961,0.5709184,0.42908156,1
962,0.51602954,0.48397046,0
963,0.08557146,0.91442853,1
964,0.70353657,0.29646337,0
965,0.5658948,0.43410525,0
966,0.8592416,0.14075841,0
967,0.8576469,0.14235312,0
968,0.85928583,0.14071418,0
969,0.50948566,0.49051434,1
970,0.8592268,0.14077322,1
971,0.54691505,0.45308498,0
972,0.08338349,0.91661644,1
973,0.083644375,0.9163556,1
974,0.08467351,0.9153264,1
975,0.56853634,0.43146372,1
976,0.8533923,0.1466077,0
977,0.08677983,0.9132202,1
978,0.85920024,0.14079975,0
979,0.7035338,0.2964662,0
980,0.31809238,0.6819076,1
981,0.8576244,0.14237553,0
982,0.72275573,0.27724427,1
983,0.8063562,0.19364382,0
984,0.85695255,0.14304744,0
985,0.5706193,0.42938074,0
986,0.69579273,0.30420724,1
987,0.37837476,0.62162524,1
988,0.5017512,0.4982489,0
989,0.8576244,0.14237553,0
990,0.8593122,0.14068787,0
991,0.7515032,0.24849685,0
992,0.66652447,0.33347553,1
993,0.17754498,0.82245505,1
994,0.7506799,0.24932005,1
995,0.8576244,0.14237553,0
996,0.85826015,0.14173985,0
997,0.56759524,0.4324048,0
998,0.7088014,0.29119858,0
999,0.85887676,0.14112325,0
1000,0.852887,0.14711305,0
1001,0.7130163,0.28698376,0
1002,0.85810447,0.14189547,0
1003,0.85929424,0.1407058,0
1004,0.0832174,0.9167827,1
1005,0.3782083,0.6217917,1
1006,0.85762304,0.14237696,1
1007,0.8592734,0.14072664,0
1008,0.8542701,0.14572984,0
1009,0.5669431,0.43305692,1
1010,0.85787696,0.14212304,0
1011,0.85930204,0.14069797,0
1012,0.8526782,0.14732179,0
1013,0.85979176,0.1402083,0
1014,0.67854285,0.32145718,0
1015,0.8593003,0.14069973,0
1016,0.086402506,0.91359746,1
1017,0.33513808,0.6648619,0
1018,0.8575436,0.14245638,0
1019,0.8379689,0.16203116,0
1020,0.089740016,0.91025996,0
1021,0.70260245,0.29739752,1
1022,0.85763514,0.14236489,0
1023,0.8576356,0.14236431,0
1024,0.5370014,0.46299866,0
1025,0.08566836,0.9143317,1
1026,0.08317916,0.9168208,1
1027,0.08567797,0.91432196,1
1028,0.85860395,0.14139603,0
1029,0.7406125,0.25938755,0
1030,0.85928446,0.14071552,0
1031,0.08355961,0.9164404,1
1032,0.08318869,0.9168113,1
1033,0.092461124,0.9075389,1
1034,0.6756276,0.32437247,0
1035,0.8588131,0.14118695,0
1036,0.7432589,0.2567411,1
1037,0.8590818,0.14091824,0
1038,0.5590805,0.4409195,0
1039,0.8599154,0.1400846,0
1040,0.8493081,0.15069197,1
1041,0.85938287,0.14061716,0
1042,0.8592333,0.14076668,0
1043,0.8538679,0.14613213,0
1044,0.8574639,0.14253606,0
1045,0.85656714,0.14343281,0
1046,0.66310483,0.33689508,1
1047,0.08375581,0.9162442,1
